{"Header":{"Title":"pt_OpenSesame","Version":1.6,"AEProject":"Reflect 1 (converted).aep"},"Main":[{"Title":"Text","Comp":"Text 01","CompID":192,"Name":"fdghfd","Layer":1,"Values":"fdghfd"},{"Title":"Text","Comp":"Text 02","CompID":398,"Name":"fdghfd","Layer":1,"Values":"fdghfd"},{"Title":"Text","Comp":"Text 03","CompID":415,"Name":"fdghfd","Layer":1,"Values":"fdghfd"},{"Title":"Text","Comp":"Text 04","CompID":485,"Name":"fdghfd","Layer":1,"Values":"fdghfd"},{"Title":"Text","Comp":"Text 05","CompID":497,"Name":"fdghfd","Layer":1,"Values":"fdghfd"},{"Title":"Text","Comp":"Text 06","CompID":509,"Name":"fdghfd","Layer":1,"Values":"fdghfd"},{"Title":"Text","Comp":"Text 07","CompID":583,"Name":"fdghfd","Layer":1,"Values":"fdghfd"},{"Title":"Text","Comp":"Text 08","CompID":624,"Name":"fdghfd","Layer":1,"Values":"fdghfd"},{"Title":"Footage","Name":"60a8b95057e38201cf859565c35212e0.png","FootageID":2308,"ImageSeq":false,"Path":"60a8b95057e38201cf859565c35212e0.png"},{"Title":"Footage","Name":"60a8b95057e38201cf859565c35212e0.png","FootageID":2307,"ImageSeq":false,"Path":"60a8b95057e38201cf859565c35212e0.png"},{"Title":"Footage","Name":"60a8b95057e38201cf859565c35212e0.png","FootageID":2305,"ImageSeq":false,"Path":"60a8b95057e38201cf859565c35212e0.png"},{"Title":"Footage","Name":"60a8b95057e38201cf859565c35212e0.png","FootageID":2309,"ImageSeq":false,"Path":"60a8b95057e38201cf859565c35212e0.png"}],"Renders":[]}